{
  "project_info": {
    "project_number": "43570704254",
    "project_id": "elda-3e09b",
    "storage_bucket": "elda-3e09b.firebasestorage.app"
  },
  "client": [
    {
      "client_info": {
        "mobilesdk_app_id": "1:43570704254:android:e0661d33b3bbb343578d2f",
        "android_client_info": {
          "package_name": "com.goon.gooners"
        }
      },
      "oauth_client": [],
      "api_key": [
        {
          "current_key": "AIzaSyCXVbxIcHsJxvr-xGv20ikV-gqWyn6TO10"
        }
      ],
      "services": {
        "appinvite_service": {
          "other_platform_oauth_client": []
        }
      }
    }
  ],
  "configuration_version": "1"
}