{
  "project_info": {
    "project_number": "1041924590772",
    "project_id": "gooning-493c4",
    "storage_bucket": "gooning-493c4.firebasestorage.app"
  },
  "client": [
    {
      "client_info": {
        "mobilesdk_app_id": "1:1041924590772:android:cbd75ef273f568bd549be1",
        "android_client_info": {
          "package_name": "com.goon.gooning"
        }
      },
      "oauth_client": [],
      "api_key": [
        {
          "current_key": "AIzaSyC5L3Oo7v1ODKdPHCZV_2MPE5wW0iKDhzI"
        }
      ],
      "services": {
        "appinvite_service": {
          "other_platform_oauth_client": []
        }
      }
    }
  ],
  "configuration_version": "1"
}