{
  "name": "Default",
  "rows": [
    [
      {
        "label": "Q",
        "action": "text",
        "value": "Q"
      },
      {
        "label": "W",
        "action": "text",
        "value": "W"
      },
      {
        "label": "E",
        "action": "text",
        "value": "E"
      },
      {
        "label": "R",
        "action": "text",
        "value": "R"
      },
      {
        "label": "T",
        "action": "text",
        "value": "T"
      },
      {
        "label": "Y",
        "action": "text",
        "value": "Y"
      },
      {
        "label": "U",
        "action": "text",
        "value": "U"
      },
      {
        "label": "I",
        "action": "text",
        "value": "I"
      },
      {
        "label": "O",
        "action": "text",
        "value": "O"
      },
      {
        "label": "P",
        "action": "text",
        "value": "P"
      }
    ],
    [
      {
        "label": "A",
        "action": "text",
        "value": "A"
      },
      {
        "label": "S",
        "action": "text",
        "value": "S"
      },
      {
        "label": "D",
        "action": "text",
        "value": "D"
      },
      {
        "label": "F",
        "action": "text",
        "value": "F"
      },
      {
        "label": "G",
        "action": "text",
        "value": "G"
      },
      {
        "label": "H",
        "action": "text",
        "value": "H"
      },
      {
        "label": "J",
        "action": "text",
        "value": "J"
      },
      {
        "label": "K",
        "action": "text",
        "value": "K"
      },
      {
        "label": "L",
        "action": "text",
        "value": "L"
      }
    ],
    [
      {
        "label": "Z",
        "action": "text",
        "value": "Z"
      },
      {
        "label": "X",
        "action": "text",
        "value": "X"
      },
      {
        "label": "C",
        "action": "text",
        "value": "C"
      },
      {
        "label": "V",
        "action": "text",
        "value": "V"
      },
      {
        "label": "B",
        "action": "text",
        "value": "B"
      },
      {
        "label": "N",
        "action": "text",
        "value": "N"
      },
      {
        "label": "M",
        "action": "text",
        "value": "M"
      }
    ],
    [
      {
        "label": "SPACE",
        "action": "text",
        "value": " "
      },
      {
        "label": "DEL",
        "action": "delete"
      },
      {
        "label": "ENTER",
        "action": "enter"
      }
    ]
  ]
}